<?xml version="1.0" encoding="utf-8"?>
<extension type="component" version="3" method="upgrade">
	<name>COM_NOKPRJMGNT</name>
	<author>Norbert Kuemin</author>
	<authorEmail>momo_102@bluemail.ch</authorEmail>
	<creationDate>February 2017</creationDate>
	<copyright>(C) 2017 Norbert Kuemin</copyright>
	<license>http://www.gnu.org/copyleft/gpl.html GNU/GPL</license>
	<version>0.1</version>
	<description>COM_NOKPRJMGNT_XML_DESC</description>

	<install>
		<sql>
			<file driver="mysql" charset="utf8">sql/install.mysql.utf8.sql</file>
		</sql>
	</install>

	<update> 
		<schemas>
			<schemapath type="mysql">sql/updates/mysql</schemapath> 
		</schemas> 
	</update>

	<uninstall>
		<sql>
			<file driver="mysql" charset="utf8">sql/uninstall.mysql.utf8.sql</file>
		</sql>
	</uninstall>

	<files folder="site">
		<filename>nokprjmgnt.php</filename>
		<filename>controller.php</filename>
		<filename>index.html</filename>
		<folder>models</folder>
		<folder>views</folder>
	</files>

	<media/>

	<languages folder="language">
		<language tag="en-GB">en-GB.com_nokprjmgnt.ini</language>
		<language tag="en-GB">en-GB.com_nokprjmgnt.sys.ini</language>
		<language tag="de-DE">de-DE.com_nokprjmgnt.ini</language>
		<language tag="de-DE">de-DE.com_nokprjmgnt.sys.ini</language>
	</languages>
	<administration>
		<menu>COM_NOKPRJMGNT_MENU</menu>
		<files folder="admin">
			<filename>access.xml</filename>
			<filename>nokprjmgnt.php</filename>
			<filename>config.xml</filename>
			<filename>controller.php</filename>
			<filename>index.html</filename>
			<folder>controller</folder>
			<folder>helpers</folder>
			<folder>models</folder>
			<folder>sql</folder>
			<folder>tables</folder>
			<folder>views</folder>
		</files>
		<languages folder="language">
			<language tag="en-GB">en-GB.com_nokprjmgnt.ini</language>
			<language tag="en-GB">en-GB.com_nokprjmgnt.sys.ini</language>
			<language tag="de-DE">de-DE.com_nokprjmgnt.ini</language>
			<language tag="de-DE">de-DE.com_nokprjmgnt.sys.ini</language>
		</languages>
	</administration>
	<updateservers>
		<server type="extension" priority="2" name="COM_NOKPRJMGNT_UPDATE_NAME">http://kuem.in/joomlaupdate/com_nokprjmgnt.xml</server>
	</updateservers>
</extension>